<?xml version="1.0" encoding="UTF-8"?>
<main>
    
  <item>
	<brand>Ferrari</brand>
    <model>488 Pista</model>
    <year>2018</year>
    <price>320.000</price>
    <power>720</power>
	<torque>770</torque>
	<category>Sport</category>
	<img>ferrari</img>
  </item>
  
 
 
 <item>
   <brand>Rolls Royce</brand>
   <model>Phantom</model>
   <year>2017</year>
   <price>500.000</price>
   <power>571</power>
   <torque>900</torque>
   <category>Luxury</category>
   <img>rollsroyce</img>
 </item>
  
  <item>
    <brand>Bentley</brand>
    <model>Continental GT</model>
    <year>2018</year>
    <price>380.000</price>
    <power>550</power>
    <torque>770</torque>
    <category>Luxury</category>
    <img>bentley</img>
  </item>
  
  
  <item>
    <brand>Audi</brand>
    <model>A5 Sportback</model>
    <year>2016</year>
    <price>50.000</price>
    <power>250</power>
    <torque>370</torque>
    <category>Daily</category>
    <img>audi</img>
  </item>
  
  <item>
    <brand>BMW</brand>
    <model>3 Series - 330i</model>
    <year>2018</year>
    <price>65.000</price>
    <power>260</power>
    <torque>400</torque>
    <category>Daily</category>
    <img>bmw</img>
  </item>
  
  <item>
    <brand>Mercedes</brand>
    <model>CLA 250</model>
    <year>2019</year>
    <price>45.000</price>
    <power>220</power>
    <torque>350</torque>
    <category>Daily</category>
    <img>mercedes</img>
  </item>
  
</main>
